feature_id	state	evidence
WM-FEAT-0001	live-fire-certified	.agent/state/evidence/EP-012/M5/evidence.json
WM-FEAT-0002	live-fire-certified	.agent/state/evidence/EP-009/M5/evidence.json
WM-FEAT-0003	live-fire-certified	.agent/state/evidence/EP-012/M5/evidence.json
WM-FEAT-0004	live-fire-certified	.agent/state/evidence/EP-012/M5/evidence.json
WM-FEAT-0005	live-fire-certified	.agent/state/evidence/EP-009/M5/evidence.json
WM-FEAT-0006	live-fire-certified	.agent/state/evidence/EP-009/M5/evidence.json
WM-FEAT-0007	live-fire-certified	.agent/state/evidence/EP-009/M5/evidence.json
WM-FEAT-0008	live-fire-certified	.agent/state/evidence/EP-009/M5/evidence.json
WM-FEAT-0009	live-fire-certified	.agent/state/evidence/EP-009/M5/evidence.json
WM-FEAT-0010	live-fire-certified	.agent/state/evidence/EP-009/M5/evidence.json
WM-FEAT-0011	live-fire-certified	.agent/state/evidence/EP-012/M5/evidence.json
WM-FEAT-0012	live-fire-certified	.agent/state/evidence/EP-012/M5/evidence.json
WM-FEAT-0013	live-fire-certified	.agent/state/evidence/EP-009/M5/evidence.json
WM-FEAT-0014	live-fire-certified	.agent/state/evidence/EP-009/M5/evidence.json
WM-FEAT-0015	live-fire-certified	.agent/state/evidence/EP-009/M5/evidence.json
WM-FEAT-0016	live-fire-certified	.agent/state/evidence/EP-009/M5/evidence.json
WM-FEAT-0017	live-fire-certified	.agent/state/evidence/EP-009/M5/evidence.json
WM-FEAT-0018	live-fire-certified	.agent/state/evidence/EP-012/M5/evidence.json
WM-FEAT-0019	live-fire-certified	.agent/state/evidence/EP-012/M5/evidence.json
WM-FEAT-0020	live-fire-certified	.agent/state/evidence/EP-009/M5/evidence.json
WM-FEAT-0021	live-fire-certified	.agent/state/evidence/EP-012/M5/evidence.json
WM-FEAT-0022	live-fire-certified	.agent/state/evidence/EP-011/M5/evidence.json
WM-FEAT-0023	live-fire-certified	.agent/state/evidence/EP-011/M5/evidence.json
WM-FEAT-0024	live-fire-certified	.agent/state/evidence/EP-011/M5/evidence.json
WM-FEAT-0025	live-fire-certified	.agent/state/evidence/EP-011/M5/evidence.json
WM-FEAT-0026	live-fire-certified	.agent/state/evidence/EP-011/M5/evidence.json
WM-FEAT-0027	live-fire-certified	.agent/state/evidence/EP-011/M5/evidence.json
WM-FEAT-0028	live-fire-certified	.agent/state/evidence/EP-011/M5/evidence.json
WM-FEAT-0029	live-fire-certified	.agent/state/evidence/EP-011/M5/evidence.json
WM-FEAT-0030	live-fire-certified	.agent/state/evidence/EP-011/M5/evidence.json
WM-FEAT-0031	live-fire-certified	.agent/state/evidence/EP-011/M5/evidence.json
WM-FEAT-0032	live-fire-certified	.agent/state/evidence/EP-011/M5/evidence.json
WM-FEAT-0033	live-fire-certified	.agent/state/evidence/EP-011/M5/evidence.json
WM-FEAT-0034	live-fire-certified	.agent/state/evidence/EP-011/M5/evidence.json
WM-FEAT-0035	blocked	
WM-FEAT-0036	blocked	
WM-FEAT-0037	live-fire-certified	.agent/state/evidence/EP-016/M5/evidence.json
WM-FEAT-0038	live-fire-certified	.agent/state/evidence/EP-016/M5/evidence.json
WM-FEAT-0039	live-fire-certified	.agent/state/evidence/EP-017/M5/evidence.json
WM-FEAT-0040	live-fire-certified	.agent/state/evidence/EP-017/M5/evidence.json
WM-FEAT-0041	live-fire-certified	.agent/state/evidence/EP-019/M5/evidence.json
WM-FEAT-0042	live-fire-certified	.agent/state/evidence/EP-018/M5/evidence.json
WM-FEAT-0043	live-fire-certified	.agent/state/evidence/EP-018/M5/evidence.json
WM-FEAT-0044	live-fire-certified	.agent/state/evidence/EP-018/M5/evidence.json
WM-FEAT-0045	live-fire-certified	.agent/state/evidence/EP-018/M5/evidence.json
WM-FEAT-0046	live-fire-certified	.agent/state/evidence/EP-017/M5/evidence.json
WM-FEAT-0047	live-fire-certified	.agent/state/evidence/EP-017/M5/evidence.json
WM-FEAT-0048	live-fire-certified	.agent/state/evidence/EP-015/M5/evidence.json
WM-FEAT-0049	live-fire-certified	.agent/state/evidence/EP-015/M5/evidence.json
WM-FEAT-0050	live-fire-certified	.agent/state/evidence/EP-021/M5/evidence.json
WM-FEAT-0051	live-fire-certified	.agent/state/evidence/EP-021/M5/evidence.json
WM-FEAT-0052	live-fire-certified	.agent/state/evidence/EP-021/M5/evidence.json
WM-FEAT-0053	live-fire-certified	.agent/state/evidence/EP-021/M5/evidence.json
WM-FEAT-0054	live-fire-certified	.agent/state/evidence/EP-020/M5/evidence.json
WM-FEAT-0055	live-fire-certified	.agent/state/evidence/EP-020/M5/evidence.json
WM-FEAT-0056	live-fire-certified	.agent/state/evidence/EP-020/M5/evidence.json
WM-FEAT-0057	live-fire-certified	.agent/state/evidence/EP-024/M5/evidence.json
WM-FEAT-0058	live-fire-certified	.agent/state/evidence/EP-024/M5/evidence.json
WM-FEAT-0059	live-fire-certified	.agent/state/evidence/EP-024/M5/evidence.json
WM-FEAT-0060	live-fire-certified	.agent/state/evidence/EP-024/M5/evidence.json
WM-FEAT-0061	live-fire-certified	.agent/state/evidence/EP-024/M5/evidence.json
WM-FEAT-0062	live-fire-certified	.agent/state/evidence/EP-024/M5/evidence.json
WM-FEAT-0063	live-fire-certified	.agent/state/evidence/EP-024/M5/evidence.json
WM-FEAT-0064	live-fire-certified	.agent/state/evidence/EP-024/M5/evidence.json
WM-FEAT-0065	live-fire-certified	.agent/state/evidence/EP-024/M5/evidence.json
WM-FEAT-0066	live-fire-certified	.agent/state/evidence/EP-024/M5/evidence.json
WM-FEAT-0067	live-fire-certified	.agent/state/evidence/EP-024/M5/evidence.json
WM-FEAT-0068	live-fire-certified	.agent/state/evidence/EP-024/M5/evidence.json
WM-FEAT-0069	live-fire-certified	.agent/state/evidence/EP-025/M5/evidence.json
WM-FEAT-0070	live-fire-certified	.agent/state/evidence/EP-025/M5/evidence.json
WM-FEAT-0071	live-fire-certified	.agent/state/evidence/EP-025/M5/evidence.json
WM-FEAT-0072	live-fire-certified	.agent/state/evidence/EP-025/M5/evidence.json
WM-FEAT-0073	live-fire-certified	.agent/state/evidence/EP-025/M5/evidence.json
WM-FEAT-0074	live-fire-certified	.agent/state/evidence/EP-025/M5/evidence.json
WM-FEAT-0075	live-fire-certified	.agent/state/evidence/EP-026/M5/evidence.json
WM-FEAT-0076	live-fire-certified	.agent/state/evidence/EP-026/M5/evidence.json
WM-FEAT-0077	live-fire-certified	.agent/state/evidence/EP-025/M5/evidence.json
WM-FEAT-0078	live-fire-certified	.agent/state/evidence/EP-023/M5/evidence.json
WM-FEAT-0079	live-fire-certified	.agent/state/evidence/EP-007/M5/evidence.json
WM-FEAT-0080	live-fire-certified	.agent/state/evidence/EP-007/M5/evidence.json
WM-FEAT-0081	live-fire-certified	.agent/state/evidence/EP-023/M5/evidence.json
WM-FEAT-0082	live-fire-certified	.agent/state/evidence/EP-007/M5/evidence.json
WM-FEAT-0083	live-fire-certified	.agent/state/evidence/EP-023/M5/evidence.json
WM-FEAT-0084	live-fire-certified	.agent/state/evidence/EP-007/M5/evidence.json
WM-FEAT-0085	live-fire-certified	.agent/state/evidence/EP-007/M5/evidence.json
WM-FEAT-0086	live-fire-certified	.agent/state/evidence/EP-007/M5/evidence.json
WM-FEAT-0087	live-fire-certified	.agent/state/evidence/EP-007/M5/evidence.json
WM-FEAT-0088	blocked	
WM-FEAT-0089	blocked	
WM-FEAT-0090	blocked	
WM-FEAT-0091	live-fire-certified	.agent/state/evidence/EP-007/M5/evidence.json
WM-FEAT-0092	live-fire-certified	.agent/state/evidence/EP-007/M5/evidence.json
WM-FEAT-0093	live-fire-certified	.agent/state/evidence/EP-006/M5/evidence.json
WM-FEAT-0094	live-fire-certified	.agent/state/evidence/EP-006/M5/evidence.json
WM-FEAT-0095	live-fire-certified	.agent/state/evidence/EP-006/M5/evidence.json
WM-FEAT-0096	live-fire-certified	.agent/state/evidence/EP-006/M5/evidence.json
WM-FEAT-0097	live-fire-certified	.agent/state/evidence/EP-006/M5/evidence.json
WM-FEAT-0098	live-fire-certified	.agent/state/evidence/EP-010/M5/evidence.json
WM-FEAT-0099	live-fire-certified	.agent/state/evidence/EP-006/M5/evidence.json
WM-FEAT-0100	live-fire-certified	.agent/state/evidence/EP-006/M5/evidence.json
WM-FEAT-0101	live-fire-certified	.agent/state/evidence/EP-006/M5/evidence.json
WM-FEAT-0102	live-fire-certified	.agent/state/evidence/EP-034/M5/evidence.json
WM-FEAT-0103	live-fire-certified	.agent/state/evidence/EP-010/M5/evidence.json
WM-FEAT-0104	live-fire-certified	.agent/state/evidence/EP-010/M5/evidence.json
WM-FEAT-0105	live-fire-certified	.agent/state/evidence/EP-010/M5/evidence.json
WM-FEAT-0106	live-fire-certified	.agent/state/evidence/EP-022/M5/evidence.json
WM-FEAT-0107	live-fire-certified	.agent/state/evidence/EP-022/M5/evidence.json
WM-FEAT-0108	live-fire-certified	.agent/state/evidence/EP-022/M5/evidence.json
WM-FEAT-0109	live-fire-certified	.agent/state/evidence/EP-027/M5/evidence.json
WM-FEAT-0110	live-fire-certified	.agent/state/evidence/EP-010/M5/evidence.json
WM-FEAT-0111	live-fire-certified	.agent/state/evidence/EP-027/M5/evidence.json
WM-FEAT-0112	live-fire-certified	.agent/state/evidence/EP-027/M5/evidence.json
WM-FEAT-0113	live-fire-certified	.agent/state/evidence/EP-010/M5/evidence.json
WM-FEAT-0114	live-fire-certified	.agent/state/evidence/EP-010/M5/evidence.json
WM-FEAT-0115	live-fire-certified	.agent/state/evidence/EP-010/M5/evidence.json
WM-FEAT-0116	live-fire-certified	.agent/state/evidence/EP-010/M5/evidence.json
WM-FEAT-0117	live-fire-certified	.agent/state/evidence/EP-010/M5/evidence.json
WM-FEAT-0118	live-fire-certified	.agent/state/evidence/EP-010/M5/evidence.json
WM-FEAT-0119	live-fire-certified	.agent/state/evidence/EP-010/M5/evidence.json
WM-FEAT-0120	blocked	
WM-FEAT-0121	live-fire-certified	.agent/state/evidence/EP-023/M5/evidence.json
WM-FEAT-0122	live-fire-certified	.agent/state/evidence/EP-023/M5/evidence.json
WM-FEAT-0123	live-fire-certified	.agent/state/evidence/EP-023/M5/evidence.json
WM-FEAT-0124	live-fire-certified	.agent/state/evidence/EP-023/M5/evidence.json
WM-FEAT-0125	live-fire-certified	.agent/state/evidence/EP-023/M5/evidence.json
WM-FEAT-0126	live-fire-certified	.agent/state/evidence/EP-003/M5/evidence.json
WM-FEAT-0127	live-fire-certified	.agent/state/evidence/EP-022/M5/evidence.json
WM-FEAT-0128	live-fire-certified	.agent/state/evidence/EP-028/M5/evidence.json
WM-FEAT-0129	live-fire-certified	.agent/state/evidence/EP-003/M5/evidence.json
WM-FEAT-0130	live-fire-certified	.agent/state/evidence/EP-003/M5/evidence.json
WM-FEAT-0131	live-fire-certified	.agent/state/evidence/EP-032/M5/evidence.json
WM-FEAT-0132	live-fire-certified	.agent/state/evidence/EP-028/M5/evidence.json
WM-FEAT-0133	blocked	
WM-FEAT-0134	live-fire-certified	.agent/state/evidence/EP-032/M5/evidence.json
WM-FEAT-0135	live-fire-certified	.agent/state/evidence/EP-032/M5/evidence.json
WM-FEAT-0136	live-fire-certified	.agent/state/evidence/EP-032/M5/evidence.json
WM-FEAT-0137	live-fire-certified	.agent/state/evidence/EP-032/M5/evidence.json
WM-FEAT-0138	live-fire-certified	.agent/state/evidence/EP-032/M5/evidence.json
WM-FEAT-0139	live-fire-certified	.agent/state/evidence/EP-032/M5/evidence.json
WM-FEAT-0140	live-fire-certified	.agent/state/evidence/EP-032/M5/evidence.json
WM-FEAT-0141	live-fire-certified	.agent/state/evidence/EP-032/M5/evidence.json
WM-FEAT-0142	live-fire-certified	.agent/state/evidence/EP-032/M5/evidence.json
WM-FEAT-0143	live-fire-certified	.agent/state/evidence/EP-032/M5/evidence.json
WM-FEAT-0144	live-fire-certified	.agent/state/evidence/EP-032/M5/evidence.json
WM-FEAT-0145	live-fire-certified	.agent/state/evidence/EP-032/M5/evidence.json
WM-FEAT-0146	live-fire-certified	.agent/state/evidence/EP-001/M5/evidence.json
WM-FEAT-0147	live-fire-certified	.agent/state/evidence/EP-000/M5/evidence.json
WM-FEAT-0148	live-fire-certified	.agent/state/evidence/EP-002/M5/evidence.json
WM-FEAT-0149	live-fire-certified	.agent/state/evidence/EP-002/M5/evidence.json
WM-FEAT-0150	live-fire-certified	.agent/state/evidence/EP-000/M5/evidence.json
WM-FEAT-0151	live-fire-certified	.agent/state/evidence/EP-004/M5/evidence.json
WM-FEAT-0152	live-fire-certified	.agent/state/evidence/EP-004/M5/evidence.json
WM-FEAT-0153	live-fire-certified	.agent/state/evidence/EP-004/M5/evidence.json
WM-FEAT-0154	live-fire-certified	.agent/state/evidence/EP-001/M5/evidence.json
WM-FEAT-0155	live-fire-certified	.agent/state/evidence/EP-005/M5/evidence.json
WM-FEAT-0156	live-fire-certified	.agent/state/evidence/EP-005/M5/evidence.json
WM-FEAT-0157	live-fire-certified	.agent/state/evidence/EP-005/M5/evidence.json
WM-FEAT-0158	live-fire-certified	.agent/state/evidence/EP-005/M5/evidence.json
WM-FEAT-0159	live-fire-certified	.agent/state/evidence/EP-036/M5/evidence.json
WM-FEAT-0160	live-fire-certified	.agent/state/evidence/EP-002/M5/evidence.json
WM-FEAT-0161	live-fire-certified	.agent/state/evidence/EP-022/M5/evidence.json
WM-FEAT-0162	live-fire-certified	.agent/state/evidence/EP-022/M5/evidence.json
WM-FEAT-0163	live-fire-certified	.agent/state/evidence/EP-032/M5/evidence.json
WM-FEAT-0164	live-fire-certified	.agent/state/evidence/EP-037/M5/evidence.json
WM-FEAT-0165	live-fire-certified	.agent/state/evidence/EP-013/M5/evidence.json
WM-FEAT-0166	live-fire-certified	.agent/state/evidence/EP-013/M5/evidence.json
WM-FEAT-0167	live-fire-certified	.agent/state/evidence/EP-013/M5/evidence.json
WM-FEAT-0168	live-fire-certified	.agent/state/evidence/EP-013/M5/evidence.json
WM-FEAT-0169	live-fire-certified	.agent/state/evidence/EP-007/M5/evidence.json
WM-FEAT-0170	live-fire-certified	.agent/state/evidence/EP-007/M5/evidence.json
WM-FEAT-0171	live-fire-certified	.agent/state/evidence/EP-007/M5/evidence.json
WM-FEAT-0172	live-fire-certified	.agent/state/evidence/EP-007/M5/evidence.json
WM-FEAT-0173	live-fire-certified	.agent/state/evidence/EP-007/M5/evidence.json
WM-FEAT-0174	live-fire-certified	.agent/state/evidence/EP-008/M5/evidence.json
WM-FEAT-0175	live-fire-certified	.agent/state/evidence/EP-008/M5/evidence.json
WM-FEAT-0176	live-fire-certified	.agent/state/evidence/EP-008/M5/evidence.json
WM-FEAT-0177	live-fire-certified	.agent/state/evidence/EP-008/M5/evidence.json
WM-FEAT-0178	live-fire-certified	.agent/state/evidence/EP-008/M5/evidence.json
WM-FEAT-0179	live-fire-certified	.agent/state/evidence/EP-008/M5/evidence.json
WM-FEAT-0180	live-fire-certified	.agent/state/evidence/EP-008/M5/evidence.json
WM-FEAT-0181	live-fire-certified	.agent/state/evidence/EP-018/M5/evidence.json
WM-FEAT-0182	live-fire-certified	.agent/state/evidence/EP-018/M5/evidence.json
WM-FEAT-0183	live-fire-certified	.agent/state/evidence/EP-020/M5/evidence.json
WM-FEAT-0184	live-fire-certified	.agent/state/evidence/EP-020/M5/evidence.json
WM-FEAT-0185	live-fire-certified	.agent/state/evidence/EP-025/M5/evidence.json
WM-FEAT-0186	live-fire-certified	.agent/state/evidence/EP-024/M5/evidence.json
WM-FEAT-0187	live-fire-certified	.agent/state/evidence/EP-027/M5/evidence.json
WM-FEAT-0188	live-fire-certified	.agent/state/evidence/EP-008/M5/evidence.json
WM-FEAT-0189	live-fire-certified	.agent/state/evidence/EP-015/M5/evidence.json
WM-FEAT-0190	live-fire-certified	.agent/state/evidence/EP-006/M5/evidence.json
WM-FEAT-0191	live-fire-certified	.agent/state/evidence/EP-021/M5/evidence.json
WM-FEAT-0192	live-fire-certified	.agent/state/evidence/EP-021/M5/evidence.json
WM-FEAT-0193	live-fire-certified	.agent/state/evidence/EP-021/M5/evidence.json
WM-FEAT-0194	live-fire-certified	.agent/state/evidence/EP-021/M5/evidence.json
WM-FEAT-0195	live-fire-certified	.agent/state/evidence/EP-021/M5/evidence.json
WM-FEAT-0196	live-fire-certified	.agent/state/evidence/EP-015/M5/evidence.json
WM-FEAT-0197	live-fire-certified	.agent/state/evidence/EP-015/M5/evidence.json
WM-FEAT-0198	live-fire-certified	.agent/state/evidence/EP-015/M5/evidence.json
WM-FEAT-0199	live-fire-certified	.agent/state/evidence/EP-015/M5/evidence.json
WM-FEAT-0200	live-fire-certified	.agent/state/evidence/EP-015/M5/evidence.json
WM-FEAT-0201	live-fire-certified	.agent/state/evidence/EP-015/M5/evidence.json
WM-FEAT-0202	live-fire-certified	.agent/state/evidence/EP-015/M5/evidence.json
WM-FEAT-0203	live-fire-certified	.agent/state/evidence/EP-015/M5/evidence.json
WM-FEAT-0204	live-fire-certified	.agent/state/evidence/EP-015/M5/evidence.json
WM-FEAT-0205	live-fire-certified	.agent/state/evidence/EP-015/M5/evidence.json
WM-FEAT-0206	live-fire-certified	.agent/state/evidence/EP-015/M5/evidence.json
WM-FEAT-0207	live-fire-certified	.agent/state/evidence/EP-025/M5/evidence.json
WM-FEAT-0208	live-fire-certified	.agent/state/evidence/EP-025/M5/evidence.json
WM-FEAT-0209	live-fire-certified	.agent/state/evidence/EP-025/M5/evidence.json
WM-FEAT-0210	live-fire-certified	.agent/state/evidence/EP-025/M5/evidence.json
WM-FEAT-0211	live-fire-certified	.agent/state/evidence/EP-024/M5/evidence.json
WM-FEAT-0212	live-fire-certified	.agent/state/evidence/EP-024/M5/evidence.json
WM-FEAT-0213	live-fire-certified	.agent/state/evidence/EP-027/M5/evidence.json
WM-FEAT-0214	live-fire-certified	.agent/state/evidence/EP-027/M5/evidence.json
WM-FEAT-0215	live-fire-certified	.agent/state/evidence/EP-027/M5/evidence.json
WM-FEAT-0216	live-fire-certified	.agent/state/evidence/EP-027/M5/evidence.json
WM-FEAT-0217	live-fire-certified	.agent/state/evidence/EP-027/M5/evidence.json
WM-FEAT-0218	live-fire-certified	.agent/state/evidence/EP-027/M5/evidence.json
WM-FEAT-0219	live-fire-certified	.agent/state/evidence/EP-027/M5/evidence.json
WM-FEAT-0220	live-fire-certified	.agent/state/evidence/EP-006/M5/evidence.json
WM-FEAT-0221	live-fire-certified	.agent/state/evidence/EP-028/M5/evidence.json
WM-FEAT-0222	live-fire-certified	.agent/state/evidence/EP-006/M5/evidence.json
WM-FEAT-0223	live-fire-certified	.agent/state/evidence/EP-028/M5/evidence.json
WM-FEAT-0224	live-fire-certified	.agent/state/evidence/EP-028/M5/evidence.json
WM-FEAT-0225	live-fire-certified	.agent/state/evidence/EP-028/M5/evidence.json
WM-FEAT-0226	live-fire-certified	.agent/state/evidence/EP-029/M5/evidence.json
WM-FEAT-0227	live-fire-certified	.agent/state/evidence/EP-028/M5/evidence.json
WM-FEAT-0228	live-fire-certified	.agent/state/evidence/EP-029/M5/evidence.json
WM-FEAT-0229	live-fire-certified	.agent/state/evidence/EP-029/M5/evidence.json
WM-FEAT-0230	live-fire-certified	.agent/state/evidence/EP-034/M5/evidence.json
WM-FEAT-0231	live-fire-certified	.agent/state/evidence/EP-034/M5/evidence.json
WM-FEAT-0232	live-fire-certified	.agent/state/evidence/EP-034/M5/evidence.json
WM-FEAT-0233	live-fire-certified	.agent/state/evidence/EP-034/M5/evidence.json
WM-FEAT-0234	live-fire-certified	.agent/state/evidence/EP-034/M5/evidence.json
WM-FEAT-0235	live-fire-certified	.agent/state/evidence/EP-034/M5/evidence.json
WM-FEAT-0236	live-fire-certified	.agent/state/evidence/EP-034/M5/evidence.json
WM-FEAT-0237	live-fire-certified	.agent/state/evidence/EP-034/M5/evidence.json
WM-FEAT-0238	live-fire-certified	.agent/state/evidence/EP-034/M5/evidence.json
WM-FEAT-0239	live-fire-certified	.agent/state/evidence/EP-035/M5/evidence.json
WM-FEAT-0240	live-fire-certified	.agent/state/evidence/EP-034/M5/evidence.json
WM-FEAT-0241	live-fire-certified	.agent/state/evidence/EP-035/M5/evidence.json
WM-FEAT-0242	live-fire-certified	.agent/state/evidence/EP-036/M5/evidence.json
WM-FEAT-0243	live-fire-certified	.agent/state/evidence/EP-037/M5/evidence.json
WM-FEAT-0244	tested	tests/wiremudder/ep038/unit/
